{"__symbolic":"module","version":4,"metadata":{"UP_ARROW":38,"DOWN_ARROW":40,"RIGHT_ARROW":39,"LEFT_ARROW":37,"PAGE_UP":33,"PAGE_DOWN":34,"HOME":36,"END":35,"ENTER":13,"SPACE":32,"TAB":9,"ESCAPE":27,"BACKSPACE":8,"DELETE":46,"A":65,"Z":90,"ZERO":48,"NINE":57,"COMMA":188},"origins":{"UP_ARROW":"./keycodes","DOWN_ARROW":"./keycodes","RIGHT_ARROW":"./keycodes","LEFT_ARROW":"./keycodes","PAGE_UP":"./keycodes","PAGE_DOWN":"./keycodes","HOME":"./keycodes","END":"./keycodes","ENTER":"./keycodes","SPACE":"./keycodes","TAB":"./keycodes","ESCAPE":"./keycodes","BACKSPACE":"./keycodes","DELETE":"./keycodes","A":"./keycodes","Z":"./keycodes","ZERO":"./keycodes","NINE":"./keycodes","COMMA":"./keycodes"},"importAs":"@angular/cdk/keycodes"}